Domain Code,Domain,AreaCode,AreaName,ElementCode,ElementName,ItemCode,ItemName,Year,Value,Flag,FlagD
"CC","Food Supply - Crops Primary Equivalent","1","Armenia","645","Food supply quantity (kg/capita/yr)","2905","Cereals - Excluding Beer","2000","161.90","Fc","Calculated data"
"CC","Food Supply - Crops Primary Equivalent","2","Afghanistan","645","Food supply quantity (kg/capita/yr)","2905","Cereals - Excluding Beer","2000","152.56","Fc","Calculated data"
"CC","Food Supply - Crops Primary Equivalent","2","Afghanistan","645","Food supply quantity (kg/capita/yr)","2905","Cereals - Excluding Beer","2012","181.22","Fc","Calculated data"
"CC","Food Supply - Crops Primary Equivalent","3","Albania","645","Food supply quantity (kg/capita/yr)","2905","Cereals - Excluding Beer","2000","172.77","Fc","Calculated data"
"CC","Food Supply - Crops Primary Equivalent","4","Algeria","645","Food supply quantity (kg/capita/yr)","2905","Cereals - Excluding Beer","2000","209.26","Fc","Calculated data"
"CC","Food Supply - Crops Primary Equivalent","4","Algeria","645","Food supply quantity (kg/capita/yr)","2905","Cereals - Excluding Beer","2012","218.63","Fc","Calculated data"
"CC","Food Supply - Crops Primary Equivalent","7","Angola","645","Food supply quantity (kg/capita/yr)","2905","Cereals - Excluding Beer","2000","73.55","Fc","Calculated data"
"CC","Food Supply - Crops Primary Equivalent","7","Angola","645","Food supply quantity (kg/capita/yr)","2905","Cereals - Excluding Beer","2012","86.48","Fc","Calculated data"
"CC","Food Supply - Crops Primary Equivalent","8","Antigua and Barbuda","645","Food supply quantity (kg/capita/yr)","2905","Cereals - Excluding Beer","2000","76.92","Fc","Calculated data"
"CC","Food Supply - Crops Primary Equivalent","9","Argentina","645","Food supply quantity (kg/capita/yr)","2905","Cereals - Excluding Beer","2000","129.01","Fc","Calculated data"
"CC","Food Supply - Crops Primary Equivalent","10","Australia","645","Food supply quantity (kg/capita/yr)","2905","Cereals - Excluding Beer","2000","81.42","Fc","Calculated data"
"CC","Food Supply - Crops Primary Equivalent","11","Austria","645","Food supply quantity (kg/capita/yr)","2905","Cereals - Excluding Beer","2000","117.33","Fc","Calculated data"
"CC","Food Supply - Crops Primary Equivalent","12","Bahamas","645","Food supply quantity (kg/capita/yr)","2905","Cereals - Excluding Beer","2000","87.25","Fc","Calculated data"
"CC","Food Supply - Crops Primary Equivalent","14","Barbados","645","Food supply quantity (kg/capita/yr)","2905","Cereals - Excluding Beer","2000","101.12","Fc","Calculated data"
"CC","Food Supply - Crops Primary Equivalent","16","Bangladesh","645","Food supply quantity (kg/capita/yr)","2905","Cereals - Excluding Beer","2000","188.39","Fc","Calculated data"
"CC","Food Supply - Crops Primary Equivalent","16","Bangladesh","645","Food supply quantity (kg/capita/yr)","2905","Cereals - Excluding Beer","2012","190.23","Fc","Calculated data"
"CC","Food Supply - Crops Primary Equivalent","17","Bermuda","645","Food supply quantity (kg/capita/yr)","2905","Cereals - Excluding Beer","2000","63.49","Fc","Calculated data"
"CC","Food Supply - Crops Primary Equivalent","19","Bolivia (Plurinational State of)","645","Food supply quantity (kg/capita/yr)","2905","Cereals - Excluding Beer","2000","116.66","Fc","Calculated data"
"CC","Food Supply - Crops Primary Equivalent","20","Botswana","645","Food supply quantity (kg/capita/yr)","2905","Cereals - Excluding Beer","2000","103.13","Fc","Calculated data"
"CC","Food Supply - Crops Primary Equivalent","21","Brazil","645","Food supply quantity (kg/capita/yr)","2905","Cereals - Excluding Beer","2000","98.73","Fc","Calculated data"
"CC","Food Supply - Crops Primary Equivalent","21","Brazil","645","Food supply quantity (kg/capita/yr)","2905","Cereals - Excluding Beer","2012","114.33","Fc","Calculated data"
"CC","Food Supply - Crops Primary Equivalent","23","Belize","645","Food supply quantity (kg/capita/yr)","2905","Cereals - Excluding Beer","2000","118.36","Fc","Calculated data"
"CC","Food Supply - Crops Primary Equivalent","23","Belize","645","Food supply quantity (kg/capita/yr)","2905","Cereals - Excluding Beer","2012","109.02","Fc","Calculated data"
"CC","Food Supply - Crops Primary Equivalent","25","Solomon Islands","645","Food supply quantity (kg/capita/yr)","2905","Cereals - Excluding Beer","2000","89.81","Fc","Calculated data"
"CC","Food Supply - Crops Primary Equivalent","26","Brunei Darussalam","645","Food supply quantity (kg/capita/yr)","2905","Cereals - Excluding Beer","2000","147.59","Fc","Calculated data"
"CC","Food Supply - Crops Primary Equivalent","27","Bulgaria","645","Food supply quantity (kg/capita/yr)","2905","Cereals - Excluding Beer","2000","156.48","Fc","Calculated data"
"CC","Food Supply - Crops Primary Equivalent","28","Myanmar","645","Food supply quantity (kg/capita/yr)","2905","Cereals - Excluding Beer","2000","138.39","Fc","Calculated data"
"CC","Food Supply - Crops Primary Equivalent","28","Myanmar","645","Food supply quantity (kg/capita/yr)","2905","Cereals - Excluding Beer","2012","143.40","Fc","Calculated data"
"CC","Food Supply - Crops Primary Equivalent","32","Cameroon","645","Food supply quantity (kg/capita/yr)","2905","Cereals - Excluding Beer","2000","90.16","Fc","Calculated data"
"CC","Food Supply - Crops Primary Equivalent","33","Canada","645","Food supply quantity (kg/capita/yr)","2905","Cereals - Excluding Beer","2000","118.58","Fc","Calculated data"
"CC","Food Supply - Crops Primary Equivalent","35","Cabo Verde","645","Food supply quantity (kg/capita/yr)","2905","Cereals - Excluding Beer","2000","124.43","Fc","Calculated data"
"CC","Food Supply - Crops Primary Equivalent","37","Central African Republic","645","Food supply quantity (kg/capita/yr)","2905","Cereals - Excluding Beer","2000","49.20","Fc","Calculated data"
"CC","Food Supply - Crops Primary Equivalent","38","Sri Lanka","645","Food supply quantity (kg/capita/yr)","2905","Cereals - Excluding Beer","2000","137.18","Fc","Calculated data"
"CC","Food Supply - Crops Primary Equivalent","38","Sri Lanka","645","Food supply quantity (kg/capita/yr)","2905","Cereals - Excluding Beer","2012","152.35","Fc","Calculated data"
"CC","Food Supply - Crops Primary Equivalent","39","Chad","645","Food supply quantity (kg/capita/yr)","2905","Cereals - Excluding Beer","2000","119.83","Fc","Calculated data"
"CC","Food Supply - Crops Primary Equivalent","39","Chad","645","Food supply quantity (kg/capita/yr)","2905","Cereals - Excluding Beer","2012","166.29","Fc","Calculated data"
"CC","Food Supply - Crops Primary Equivalent","40","Chile","645","Food supply quantity (kg/capita/yr)","2905","Cereals - Excluding Beer","2000","134.98","Fc","Calculated data"
"CC","Food Supply - Crops Primary Equivalent","41","China, mainland","645","Food supply quantity (kg/capita/yr)","2905","Cereals - Excluding Beer","2000","162.07","Fc","Calculated data"
"CC","Food Supply - Crops Primary Equivalent","41","China, mainland","645","Food supply quantity (kg/capita/yr)","2905","Cereals - Excluding Beer","2012","150.90","Fc","Calculated data"
"CC","Food Supply - Crops Primary Equivalent","44","Colombia","645","Food supply quantity (kg/capita/yr)","2905","Cereals - Excluding Beer","2000","97.93","Fc","Calculated data"
"CC","Food Supply - Crops Primary Equivalent","44","Colombia","645","Food supply quantity (kg/capita/yr)","2905","Cereals - Excluding Beer","2012","90.50","Fc","Calculated data"
"CC","Food Supply - Crops Primary Equivalent","46","Congo","645","Food supply quantity (kg/capita/yr)","2905","Cereals - Excluding Beer","2000","63.02","Fc","Calculated data"
"CC","Food Supply - Crops Primary Equivalent","48","Costa Rica","645","Food supply quantity (kg/capita/yr)","2905","Cereals - Excluding Beer","2000","106.36","Fc","Calculated data"
"CC","Food Supply - Crops Primary Equivalent","49","Cuba","645","Food supply quantity (kg/capita/yr)","2905","Cereals - Excluding Beer","2000","126.41","Fc","Calculated data"
"CC","Food Supply - Crops Primary Equivalent","50","Cyprus","645","Food supply quantity (kg/capita/yr)","2905","Cereals - Excluding Beer","2000","85.90","Fc","Calculated data"
"CC","Food Supply - Crops Primary Equivalent","52","Azerbaijan","645","Food supply quantity (kg/capita/yr)","2905","Cereals - Excluding Beer","2000","201.90","Fc","Calculated data"
"CC","Food Supply - Crops Primary Equivalent","53","Benin","645","Food supply quantity (kg/capita/yr)","2905","Cereals - Excluding Beer","2000","99.44","Fc","Calculated data"
"CC","Food Supply - Crops Primary Equivalent","54","Denmark","645","Food supply quantity (kg/capita/yr)","2905","Cereals - Excluding Beer","2000","107.34","Fc","Calculated data"
"CC","Food Supply - Crops Primary Equivalent","55","Dominica","645","Food supply quantity (kg/capita/yr)","2905","Cereals - Excluding Beer","2000","85.71","Fc","Calculated data"
"CC","Food Supply - Crops Primary Equivalent","56","Dominican Republic","645","Food supply quantity (kg/capita/yr)","2905","Cereals - Excluding Beer","2000","76.47","Fc","Calculated data"
"CC","Food Supply - Crops Primary Equivalent","56","Dominican Republic","645","Food supply quantity (kg/capita/yr)","2905","Cereals - Excluding Beer","2012","86.27","Fc","Calculated data"
"CC","Food Supply - Crops Primary Equivalent","57","Belarus","645","Food supply quantity (kg/capita/yr)","2905","Cereals - Excluding Beer","2000","141.87","Fc","Calculated data"
"CC","Food Supply - Crops Primary Equivalent","58","Ecuador","645","Food supply quantity (kg/capita/yr)","2905","Cereals - Excluding Beer","2000","98.06","Fc","Calculated data"
"CC","Food Supply - Crops Primary Equivalent","59","Egypt","645","Food supply quantity (kg/capita/yr)","2905","Cereals - Excluding Beer","2000","243.99","Fc","Calculated data"
"CC","Food Supply - Crops Primary Equivalent","60","El Salvador","645","Food supply quantity (kg/capita/yr)","2905","Cereals - Excluding Beer","2000","139.12","Fc","Calculated data"
"CC","Food Supply - Crops Primary Equivalent","63","Estonia","645","Food supply quantity (kg/capita/yr)","2905","Cereals - Excluding Beer","2000","125.18","Fc","Calculated data"
"CC","Food Supply - Crops Primary Equivalent","66","Fiji","645","Food supply quantity (kg/capita/yr)","2905","Cereals - Excluding Beer","2000","142.86","Fc","Calculated data"
"CC","Food Supply - Crops Primary Equivalent","67","Finland","645","Food supply quantity (kg/capita/yr)","2905","Cereals - Excluding Beer","2000","107.23","Fc","Calculated data"
"CC","Food Supply - Crops Primary Equivalent","68","France","645","Food supply quantity (kg/capita/yr)","2905","Cereals - Excluding Beer","2000","115.73","Fc","Calculated data"
"CC","Food Supply - Crops Primary Equivalent","70","French Polynesia","645","Food supply quantity (kg/capita/yr)","2905","Cereals - Excluding Beer","2000","101.27","Fc","Calculated data"
"CC","Food Supply - Crops Primary Equivalent","72","Djibouti","645","Food supply quantity (kg/capita/yr)","2905","Cereals - Excluding Beer","2000","134.16","Fc","Calculated data"
"CC","Food Supply - Crops Primary Equivalent","73","Georgia","645","Food supply quantity (kg/capita/yr)","2905","Cereals - Excluding Beer","2000","187.82","Fc","Calculated data"
"CC","Food Supply - Crops Primary Equivalent","74","Gabon","645","Food supply quantity (kg/capita/yr)","2905","Cereals - Excluding Beer","2000","102.77","Fc","Calculated data"
"CC","Food Supply - Crops Primary Equivalent","75","Gambia","645","Food supply quantity (kg/capita/yr)","2905","Cereals - Excluding Beer","2000","167.62","Fc","Calculated data"
"CC","Food Supply - Crops Primary Equivalent","79","Germany","645","Food supply quantity (kg/capita/yr)","2905","Cereals - Excluding Beer","2000","97.65","Fc","Calculated data"
"CC","Food Supply - Crops Primary Equivalent","80","Bosnia and Herzegovina","645","Food supply quantity (kg/capita/yr)","2905","Cereals - Excluding Beer","2000","199.53","Fc","Calculated data"
"CC","Food Supply - Crops Primary Equivalent","81","Ghana","645","Food supply quantity (kg/capita/yr)","2905","Cereals - Excluding Beer","2000","67.52","Fc","Calculated data"
"CC","Food Supply - Crops Primary Equivalent","83","Kiribati","645","Food supply quantity (kg/capita/yr)","2905","Cereals - Excluding Beer","2000","108.43","Fc","Calculated data"
"CC","Food Supply - Crops Primary Equivalent","84","Greece","645","Food supply quantity (kg/capita/yr)","2905","Cereals - Excluding Beer","2000","141.71","Fc","Calculated data"
"CC","Food Supply - Crops Primary Equivalent","86","Grenada","645","Food supply quantity (kg/capita/yr)","2905","Cereals - Excluding Beer","2000","68.63","Fc","Calculated data"
"CC","Food Supply - Crops Primary Equivalent","89","Guatemala","645","Food supply quantity (kg/capita/yr)","2905","Cereals - Excluding Beer","2000","127.54","Fc","Calculated data"
"CC","Food Supply - Crops Primary Equivalent","89","Guatemala","645","Food supply quantity (kg/capita/yr)","2905","Cereals - Excluding Beer","2012","130.80","Fc","Calculated data"
"CC","Food Supply - Crops Primary Equivalent","90","Guinea","645","Food supply quantity (kg/capita/yr)","2905","Cereals - Excluding Beer","2000","122.80","Fc","Calculated data"
"CC","Food Supply - Crops Primary Equivalent","91","Guyana","645","Food supply quantity (kg/capita/yr)","2905","Cereals - Excluding Beer","2000","131.72","Fc","Calculated data"
"CC","Food Supply - Crops Primary Equivalent","93","Haiti","645","Food supply quantity (kg/capita/yr)","2905","Cereals - Excluding Beer","2000","97.79","Fc","Calculated data"
"CC","Food Supply - Crops Primary Equivalent","93","Haiti","645","Food supply quantity (kg/capita/yr)","2905","Cereals - Excluding Beer","2012","87.27","Fc","Calculated data"
"CC","Food Supply - Crops Primary Equivalent","95","Honduras","645","Food supply quantity (kg/capita/yr)","2905","Cereals - Excluding Beer","2000","124.92","Fc","Calculated data"
"CC","Food Supply - Crops Primary Equivalent","96","China, Hong Kong SAR","645","Food supply quantity (kg/capita/yr)","2905","Cereals - Excluding Beer","2000","101.50","Fc","Calculated data"
"CC","Food Supply - Crops Primary Equivalent","96","China, Hong Kong SAR","645","Food supply quantity (kg/capita/yr)","2905","Cereals - Excluding Beer","2012","104.90","Fc","Calculated data"
"CC","Food Supply - Crops Primary Equivalent","97","Hungary","645","Food supply quantity (kg/capita/yr)","2905","Cereals - Excluding Beer","2000","111.89","Fc","Calculated data"
"CC","Food Supply - Crops Primary Equivalent","98","Croatia","645","Food supply quantity (kg/capita/yr)","2905","Cereals - Excluding Beer","2000","104.13","Fc","Calculated data"
"CC","Food Supply - Crops Primary Equivalent","99","Iceland","645","Food supply quantity (kg/capita/yr)","2905","Cereals - Excluding Beer","2000","78.29","Fc","Calculated data"
"CC","Food Supply - Crops Primary Equivalent","100","India","645","Food supply quantity (kg/capita/yr)","2905","Cereals - Excluding Beer","2000","160.56","Fc","Calculated data"
"CC","Food Supply - Crops Primary Equivalent","100","India","645","Food supply quantity (kg/capita/yr)","2905","Cereals - Excluding Beer","2012","146.58","Fc","Calculated data"
"CC","Food Supply - Crops Primary Equivalent","101","Indonesia","645","Food supply quantity (kg/capita/yr)","2905","Cereals - Excluding Beer","2000","176.02","Fc","Calculated data"
"CC","Food Supply - Crops Primary Equivalent","101","Indonesia","645","Food supply quantity (kg/capita/yr)","2905","Cereals - Excluding Beer","2012","195.64","Fc","Calculated data"
"CC","Food Supply - Crops Primary Equivalent","102","Iran (Islamic Republic of)","645","Food supply quantity (kg/capita/yr)","2905","Cereals - Excluding Beer","2000","204.53","Fc","Calculated data"
"CC","Food Supply - Crops Primary Equivalent","103","Iraq","645","Food supply quantity (kg/capita/yr)","2905","Cereals - Excluding Beer","2000","150.41","Fc","Calculated data"
"CC","Food Supply - Crops Primary Equivalent","104","Ireland","645","Food supply quantity (kg/capita/yr)","2905","Cereals - Excluding Beer","2000","127.76","Fc","Calculated data"
"CC","Food Supply - Crops Primary Equivalent","105","Israel","645","Food supply quantity (kg/capita/yr)","2905","Cereals - Excluding Beer","2000","139.34","Fc","Calculated data"
"CC","Food Supply - Crops Primary Equivalent","106","Italy","645","Food supply quantity (kg/capita/yr)","2905","Cereals - Excluding Beer","2000","161.65","Fc","Calculated data"
"CC","Food Supply - Crops Primary Equivalent","107","Côte d'Ivoire","645","Food supply quantity (kg/capita/yr)","2905","Cereals - Excluding Beer","2000","94.64","Fc","Calculated data"
"CC","Food Supply - Crops Primary Equivalent","107","Côte d'Ivoire","645","Food supply quantity (kg/capita/yr)","2905","Cereals - Excluding Beer","2012","110.51","Fc","Calculated data"
"CC","Food Supply - Crops Primary Equivalent","108","Kazakhstan","645","Food supply quantity (kg/capita/yr)","2905","Cereals - Excluding Beer","2000","189.08","Fc","Calculated data"
"CC","Food Supply - Crops Primary Equivalent","109","Jamaica","645","Food supply quantity (kg/capita/yr)","2905","Cereals - Excluding Beer","2000","96.56","Fc","Calculated data"
"CC","Food Supply - Crops Primary Equivalent","109","Jamaica","645","Food supply quantity (kg/capita/yr)","2905","Cereals - Excluding Beer","2012","100.77","Fc","Calculated data"
"CC","Food Supply - Crops Primary Equivalent","110","Japan","645","Food supply quantity (kg/capita/yr)","2905","Cereals - Excluding Beer","2000","111.10","Fc","Calculated data"
"CC","Food Supply - Crops Primary Equivalent","112","Jordan","645","Food supply quantity (kg/capita/yr)","2905","Cereals - Excluding Beer","2000","148.31","Fc","Calculated data"
"CC","Food Supply - Crops Primary Equivalent","113","Kyrgyzstan","645","Food supply quantity (kg/capita/yr)","2905","Cereals - Excluding Beer","2000","155.60","Fc","Calculated data"
"CC","Food Supply - Crops Primary Equivalent","114","Kenya","645","Food supply quantity (kg/capita/yr)","2905","Cereals - Excluding Beer","2000","119.06","Fc","Calculated data"
"CC","Food Supply - Crops Primary Equivalent","114","Kenya","645","Food supply quantity (kg/capita/yr)","2905","Cereals - Excluding Beer","2012","124.83","Fc","Calculated data"
"CC","Food Supply - Crops Primary Equivalent","115","Cambodia","645","Food supply quantity (kg/capita/yr)","2905","Cereals - Excluding Beer","2000","177.04","Fc","Calculated data"
"CC","Food Supply - Crops Primary Equivalent","116","Democratic People's Republic of Korea","645","Food supply quantity (kg/capita/yr)","2905","Cereals - Excluding Beer","2000","148.51","Fc","Calculated data"
"CC","Food Supply - Crops Primary Equivalent","116","Democratic People's Republic of Korea","645","Food supply quantity (kg/capita/yr)","2905","Cereals - Excluding Beer","2012","150.64","Fc","Calculated data"
"CC","Food Supply - Crops Primary Equivalent","117","Republic of Korea","645","Food supply quantity (kg/capita/yr)","2905","Cereals - Excluding Beer","2000","160.34","Fc","Calculated data"
"CC","Food Supply - Crops Primary Equivalent","118","Kuwait","645","Food supply quantity (kg/capita/yr)","2905","Cereals - Excluding Beer","2000","145.86","Fc","Calculated data"
"CC","Food Supply - Crops Primary Equivalent","119","Latvia","645","Food supply quantity (kg/capita/yr)","2905","Cereals - Excluding Beer","2000","118.94","Fc","Calculated data"
"CC","Food Supply - Crops Primary Equivalent","120","Lao People's Democratic Republic","645","Food supply quantity (kg/capita/yr)","2905","Cereals - Excluding Beer","2000","176.32","Fc","Calculated data"
"CC","Food Supply - Crops Primary Equivalent","121","Lebanon","645","Food supply quantity (kg/capita/yr)","2905","Cereals - Excluding Beer","2000","132.92","Fc","Calculated data"
"CC","Food Supply - Crops Primary Equivalent","122","Lesotho","645","Food supply quantity (kg/capita/yr)","2905","Cereals - Excluding Beer","2000","224.14","Fc","Calculated data"
"CC","Food Supply - Crops Primary Equivalent","123","Liberia","645","Food supply quantity (kg/capita/yr)","2905","Cereals - Excluding Beer","2000","90.94","Fc","Calculated data"
"CC","Food Supply - Crops Primary Equivalent","126","Lithuania","645","Food supply quantity (kg/capita/yr)","2905","Cereals - Excluding Beer","2000","169.81","Fc","Calculated data"
"CC","Food Supply - Crops Primary Equivalent","128","China, Macao SAR","645","Food supply quantity (kg/capita/yr)","2905","Cereals - Excluding Beer","2000","95.16","Fc","Calculated data"
"CC","Food Supply - Crops Primary Equivalent","128","China, Macao SAR","645","Food supply quantity (kg/capita/yr)","2905","Cereals - Excluding Beer","2012","91.41","Fc","Calculated data"
"CC","Food Supply - Crops Primary Equivalent","129","Madagascar","645","Food supply quantity (kg/capita/yr)","2905","Cereals - Excluding Beer","2000","111.83","Fc","Calculated data"
"CC","Food Supply - Crops Primary Equivalent","129","Madagascar","645","Food supply quantity (kg/capita/yr)","2905","Cereals - Excluding Beer","2012","129.46","Fc","Calculated data"
"CC","Food Supply - Crops Primary Equivalent","130","Malawi","645","Food supply quantity (kg/capita/yr)","2905","Cereals - Excluding Beer","2000","152.28","Fc","Calculated data"
"CC","Food Supply - Crops Primary Equivalent","131","Malaysia","645","Food supply quantity (kg/capita/yr)","2905","Cereals - Excluding Beer","2000","147.35","Fc","Calculated data"
"CC","Food Supply - Crops Primary Equivalent","132","Maldives","645","Food supply quantity (kg/capita/yr)","2905","Cereals - Excluding Beer","2000","120.88","Fc","Calculated data"
"CC","Food Supply - Crops Primary Equivalent","133","Mali","645","Food supply quantity (kg/capita/yr)","2905","Cereals - Excluding Beer","2000","191.21","Fc","Calculated data"
"CC","Food Supply - Crops Primary Equivalent","134","Malta","645","Food supply quantity (kg/capita/yr)","2905","Cereals - Excluding Beer","2000","151.96","Fc","Calculated data"
"CC","Food Supply - Crops Primary Equivalent","136","Mauritania","645","Food supply quantity (kg/capita/yr)","2905","Cereals - Excluding Beer","2000","151.03","Fc","Calculated data"
"CC","Food Supply - Crops Primary Equivalent","137","Mauritius","645","Food supply quantity (kg/capita/yr)","2905","Cereals - Excluding Beer","2000","157.81","Fc","Calculated data"
"CC","Food Supply - Crops Primary Equivalent","138","Mexico","645","Food supply quantity (kg/capita/yr)","2905","Cereals - Excluding Beer","2000","168.60","Fc","Calculated data"
"CC","Food Supply - Crops Primary Equivalent","138","Mexico","645","Food supply quantity (kg/capita/yr)","2905","Cereals - Excluding Beer","2012","158.29","Fc","Calculated data"
"CC","Food Supply - Crops Primary Equivalent","141","Mongolia","645","Food supply quantity (kg/capita/yr)","2905","Cereals - Excluding Beer","2000","121.40","Fc","Calculated data"
"CC","Food Supply - Crops Primary Equivalent","143","Morocco","645","Food supply quantity (kg/capita/yr)","2905","Cereals - Excluding Beer","2000","248.97","Fc","Calculated data"
"CC","Food Supply - Crops Primary Equivalent","144","Mozambique","645","Food supply quantity (kg/capita/yr)","2905","Cereals - Excluding Beer","2000","96.44","Fc","Calculated data"
"CC","Food Supply - Crops Primary Equivalent","144","Mozambique","645","Food supply quantity (kg/capita/yr)","2905","Cereals - Excluding Beer","2012","106.78","Fc","Calculated data"
"CC","Food Supply - Crops Primary Equivalent","146","Republic of Moldova","645","Food supply quantity (kg/capita/yr)","2905","Cereals - Excluding Beer","2000","197.47","Fc","Calculated data"
"CC","Food Supply - Crops Primary Equivalent","147","Namibia","645","Food supply quantity (kg/capita/yr)","2905","Cereals - Excluding Beer","2000","122.23","Fc","Calculated data"
"CC","Food Supply - Crops Primary Equivalent","149","Nepal","645","Food supply quantity (kg/capita/yr)","2905","Cereals - Excluding Beer","2000","183.05","Fc","Calculated data"
"CC","Food Supply - Crops Primary Equivalent","149","Nepal","645","Food supply quantity (kg/capita/yr)","2905","Cereals - Excluding Beer","2012","194.19","Fc","Calculated data"
"CC","Food Supply - Crops Primary Equivalent","150","Netherlands","645","Food supply quantity (kg/capita/yr)","2905","Cereals - Excluding Beer","2000","66.33","Fc","Calculated data"
"CC","Food Supply - Crops Primary Equivalent","151","Netherlands Antilles","645","Food supply quantity (kg/capita/yr)","2905","Cereals - Excluding Beer","2000","122.22","Fc","Calculated data"
"CC","Food Supply - Crops Primary Equivalent","153","New Caledonia","645","Food supply quantity (kg/capita/yr)","2905","Cereals - Excluding Beer","2000","123.81","Fc","Calculated data"
"CC","Food Supply - Crops Primary Equivalent","154","The former Yugoslav Republic of Macedonia","645","Food supply quantity (kg/capita/yr)","2905","Cereals - Excluding Beer","2000","137.43","Fc","Calculated data"
"CC","Food Supply - Crops Primary Equivalent","155","Vanuatu","645","Food supply quantity (kg/capita/yr)","2905","Cereals - Excluding Beer","2000","81.08","Fc","Calculated data"
"CC","Food Supply - Crops Primary Equivalent","156","New Zealand","645","Food supply quantity (kg/capita/yr)","2905","Cereals - Excluding Beer","2000","100.57","Fc","Calculated data"
"CC","Food Supply - Crops Primary Equivalent","157","Nicaragua","645","Food supply quantity (kg/capita/yr)","2905","Cereals - Excluding Beer","2000","115.47","Fc","Calculated data"
"CC","Food Supply - Crops Primary Equivalent","158","Niger","645","Food supply quantity (kg/capita/yr)","2905","Cereals - Excluding Beer","2000","210.28","Fc","Calculated data"
"CC","Food Supply - Crops Primary Equivalent","159","Nigeria","645","Food supply quantity (kg/capita/yr)","2905","Cereals - Excluding Beer","2000","138.61","Fc","Calculated data"
"CC","Food Supply - Crops Primary Equivalent","159","Nigeria","645","Food supply quantity (kg/capita/yr)","2905","Cereals - Excluding Beer","2012","133.43","Fc","Calculated data"
"CC","Food Supply - Crops Primary Equivalent","162","Norway","645","Food supply quantity (kg/capita/yr)","2905","Cereals - Excluding Beer","2000","124.89","Fc","Calculated data"
"CC","Food Supply - Crops Primary Equivalent","165","Pakistan","645","Food supply quantity (kg/capita/yr)","2905","Cereals - Excluding Beer","2000","148.29","Fc","Calculated data"
"CC","Food Supply - Crops Primary Equivalent","165","Pakistan","645","Food supply quantity (kg/capita/yr)","2905","Cereals - Excluding Beer","2012","142.24","Fc","Calculated data"
"CC","Food Supply - Crops Primary Equivalent","166","Panama","645","Food supply quantity (kg/capita/yr)","2905","Cereals - Excluding Beer","2000","97.78","Fc","Calculated data"
"CC","Food Supply - Crops Primary Equivalent","166","Panama","645","Food supply quantity (kg/capita/yr)","2905","Cereals - Excluding Beer","2012","133.80","Fc","Calculated data"
"CC","Food Supply - Crops Primary Equivalent","167","Czech Republic","645","Food supply quantity (kg/capita/yr)","2905","Cereals - Excluding Beer","2000","110.05","Fc","Calculated data"
"CC","Food Supply - Crops Primary Equivalent","169","Paraguay","645","Food supply quantity (kg/capita/yr)","2905","Cereals - Excluding Beer","2000","85.49","Fc","Calculated data"
"CC","Food Supply - Crops Primary Equivalent","169","Paraguay","645","Food supply quantity (kg/capita/yr)","2905","Cereals - Excluding Beer","2012","96.32","Fc","Calculated data"
"CC","Food Supply - Crops Primary Equivalent","170","Peru","645","Food supply quantity (kg/capita/yr)","2905","Cereals - Excluding Beer","2000","123.01","Fc","Calculated data"
"CC","Food Supply - Crops Primary Equivalent","170","Peru","645","Food supply quantity (kg/capita/yr)","2905","Cereals - Excluding Beer","2012","128.99","Fc","Calculated data"
"CC","Food Supply - Crops Primary Equivalent","171","Philippines","645","Food supply quantity (kg/capita/yr)","2905","Cereals - Excluding Beer","2000","139.53","Fc","Calculated data"
"CC","Food Supply - Crops Primary Equivalent","171","Philippines","645","Food supply quantity (kg/capita/yr)","2905","Cereals - Excluding Beer","2012","159.65","Fc","Calculated data"
"CC","Food Supply - Crops Primary Equivalent","173","Poland","645","Food supply quantity (kg/capita/yr)","2905","Cereals - Excluding Beer","2000","155.04","Fc","Calculated data"
"CC","Food Supply - Crops Primary Equivalent","174","Portugal","645","Food supply quantity (kg/capita/yr)","2905","Cereals - Excluding Beer","2000","130.99","Fc","Calculated data"
"CC","Food Supply - Crops Primary Equivalent","175","Guinea-Bissau","645","Food supply quantity (kg/capita/yr)","2905","Cereals - Excluding Beer","2000","143.75","Fc","Calculated data"
"CC","Food Supply - Crops Primary Equivalent","176","Timor-Leste","645","Food supply quantity (kg/capita/yr)","2905","Cereals - Excluding Beer","2000","139.34","Fc","Calculated data"
"CC","Food Supply - Crops Primary Equivalent","181","Zimbabwe","645","Food supply quantity (kg/capita/yr)","2905","Cereals - Excluding Beer","2000","139.76","Fc","Calculated data"
"CC","Food Supply - Crops Primary Equivalent","181","Zimbabwe","645","Food supply quantity (kg/capita/yr)","2905","Cereals - Excluding Beer","2012","150.92","Fc","Calculated data"
"CC","Food Supply - Crops Primary Equivalent","183","Romania","645","Food supply quantity (kg/capita/yr)","2905","Cereals - Excluding Beer","2000","187.51","Fc","Calculated data"
"CC","Food Supply - Crops Primary Equivalent","184","Rwanda","645","Food supply quantity (kg/capita/yr)","2905","Cereals - Excluding Beer","2000","29.42","Fc","Calculated data"
"CC","Food Supply - Crops Primary Equivalent","185","Russian Federation","645","Food supply quantity (kg/capita/yr)","2905","Cereals - Excluding Beer","2000","147.69","Fc","Calculated data"
"CC","Food Supply - Crops Primary Equivalent","186","Serbia and Montenegro","645","Food supply quantity (kg/capita/yr)","2905","Cereals - Excluding Beer","2000","96.84","Fc","Calculated data"
"CC","Food Supply - Crops Primary Equivalent","188","Saint Kitts and Nevis","645","Food supply quantity (kg/capita/yr)","2905","Cereals - Excluding Beer","2000","65.22","Fc","Calculated data"
"CC","Food Supply - Crops Primary Equivalent","189","Saint Lucia","645","Food supply quantity (kg/capita/yr)","2905","Cereals - Excluding Beer","2000","95.54","Fc","Calculated data"
"CC","Food Supply - Crops Primary Equivalent","191","Saint Vincent and the Grenadines","645","Food supply quantity (kg/capita/yr)","2905","Cereals - Excluding Beer","2000","111.11","Fc","Calculated data"
"CC","Food Supply - Crops Primary Equivalent","193","Sao Tome and Principe","645","Food supply quantity (kg/capita/yr)","2905","Cereals - Excluding Beer","2000","100.72","Fc","Calculated data"
"CC","Food Supply - Crops Primary Equivalent","194","Saudi Arabia","645","Food supply quantity (kg/capita/yr)","2905","Cereals - Excluding Beer","2000","165.85","Fc","Calculated data"
"CC","Food Supply - Crops Primary Equivalent","195","Senegal","645","Food supply quantity (kg/capita/yr)","2905","Cereals - Excluding Beer","2000","155.14","Fc","Calculated data"
"CC","Food Supply - Crops Primary Equivalent","197","Sierra Leone","645","Food supply quantity (kg/capita/yr)","2905","Cereals - Excluding Beer","2000","117.39","Fc","Calculated data"
"CC","Food Supply - Crops Primary Equivalent","198","Slovenia","645","Food supply quantity (kg/capita/yr)","2905","Cereals - Excluding Beer","2000","121.11","Fc","Calculated data"
"CC","Food Supply - Crops Primary Equivalent","199","Slovakia","645","Food supply quantity (kg/capita/yr)","2905","Cereals - Excluding Beer","2000","128.06","Fc","Calculated data"
"CC","Food Supply - Crops Primary Equivalent","202","South Africa","645","Food supply quantity (kg/capita/yr)","2905","Cereals - Excluding Beer","2000","187.22","Fc","Calculated data"
"CC","Food Supply - Crops Primary Equivalent","203","Spain","645","Food supply quantity (kg/capita/yr)","2905","Cereals - Excluding Beer","2000","99.00","Fc","Calculated data"
"CC","Food Supply - Crops Primary Equivalent","206","Sudan (former)","645","Food supply quantity (kg/capita/yr)","2905","Cereals - Excluding Beer","2000","126.01","Fc","Calculated data"
"CC","Food Supply - Crops Primary Equivalent","207","Suriname","645","Food supply quantity (kg/capita/yr)","2905","Cereals - Excluding Beer","2000","128.48","Fc","Calculated data"
"CC","Food Supply - Crops Primary Equivalent","208","Tajikistan","645","Food supply quantity (kg/capita/yr)","2905","Cereals - Excluding Beer","2000","166.83","Fc","Calculated data"
"CC","Food Supply - Crops Primary Equivalent","209","Swaziland","645","Food supply quantity (kg/capita/yr)","2905","Cereals - Excluding Beer","2000","128.76","Fc","Calculated data"
"CC","Food Supply - Crops Primary Equivalent","210","Sweden","645","Food supply quantity (kg/capita/yr)","2905","Cereals - Excluding Beer","2000","101.22","Fc","Calculated data"
"CC","Food Supply - Crops Primary Equivalent","211","Switzerland","645","Food supply quantity (kg/capita/yr)","2905","Cereals - Excluding Beer","2000","116.94","Fc","Calculated data"
"CC","Food Supply - Crops Primary Equivalent","213","Turkmenistan","645","Food supply quantity (kg/capita/yr)","2905","Cereals - Excluding Beer","2000","206.40","Fc","Calculated data"
"CC","Food Supply - Crops Primary Equivalent","214","China, Taiwan Province of","645","Food supply quantity (kg/capita/yr)","2905","Cereals - Excluding Beer","2000","103.56","Fc","Calculated data"
"CC","Food Supply - Crops Primary Equivalent","214","China, Taiwan Province of","645","Food supply quantity (kg/capita/yr)","2905","Cereals - Excluding Beer","2012","105.34","Fc","Calculated data"
"CC","Food Supply - Crops Primary Equivalent","215","United Republic of Tanzania","645","Food supply quantity (kg/capita/yr)","2905","Cereals - Excluding Beer","2000","106.27","Fc","Calculated data"
"CC","Food Supply - Crops Primary Equivalent","215","United Republic of Tanzania","645","Food supply quantity (kg/capita/yr)","2905","Cereals - Excluding Beer","2012","104.17","Fc","Calculated data"
"CC","Food Supply - Crops Primary Equivalent","216","Thailand","645","Food supply quantity (kg/capita/yr)","2905","Cereals - Excluding Beer","2000","131.25","Fc","Calculated data"
"CC","Food Supply - Crops Primary Equivalent","216","Thailand","645","Food supply quantity (kg/capita/yr)","2905","Cereals - Excluding Beer","2012","136.79","Fc","Calculated data"
"CC","Food Supply - Crops Primary Equivalent","217","Togo","645","Food supply quantity (kg/capita/yr)","2905","Cereals - Excluding Beer","2000","126.62","Fc","Calculated data"
"CC","Food Supply - Crops Primary Equivalent","220","Trinidad and Tobago","645","Food supply quantity (kg/capita/yr)","2905","Cereals - Excluding Beer","2000","121.45","Fc","Calculated data"
"CC","Food Supply - Crops Primary Equivalent","221","Oman","645","Food supply quantity (kg/capita/yr)","2905","Cereals - Excluding Beer","2000","117.85","Fc","Calculated data"
"CC","Food Supply - Crops Primary Equivalent","221","Oman","645","Food supply quantity (kg/capita/yr)","2905","Cereals - Excluding Beer","2012","131.54","Fc","Calculated data"
"CC","Food Supply - Crops Primary Equivalent","222","Tunisia","645","Food supply quantity (kg/capita/yr)","2905","Cereals - Excluding Beer","2000","206.22","Fc","Calculated data"
"CC","Food Supply - Crops Primary Equivalent","223","Turkey","645","Food supply quantity (kg/capita/yr)","2905","Cereals - Excluding Beer","2000","233.13","Fc","Calculated data"
"CC","Food Supply - Crops Primary Equivalent","225","United Arab Emirates","645","Food supply quantity (kg/capita/yr)","2905","Cereals - Excluding Beer","2000","157.96","Fc","Calculated data"
"CC","Food Supply - Crops Primary Equivalent","226","Uganda","645","Food supply quantity (kg/capita/yr)","2905","Cereals - Excluding Beer","2000","60.59","Fc","Calculated data"
"CC","Food Supply - Crops Primary Equivalent","229","United Kingdom","645","Food supply quantity (kg/capita/yr)","2905","Cereals - Excluding Beer","2000","107.80","Fc","Calculated data"
"CC","Food Supply - Crops Primary Equivalent","230","Ukraine","645","Food supply quantity (kg/capita/yr)","2905","Cereals - Excluding Beer","2000","157.98","Fc","Calculated data"
"CC","Food Supply - Crops Primary Equivalent","231","United States of America","645","Food supply quantity (kg/capita/yr)","2905","Cereals - Excluding Beer","2000","114.98","Fc","Calculated data"
"CC","Food Supply - Crops Primary Equivalent","233","Burkina Faso","645","Food supply quantity (kg/capita/yr)","2905","Cereals - Excluding Beer","2000","195.85","Fc","Calculated data"
"CC","Food Supply - Crops Primary Equivalent","233","Burkina Faso","645","Food supply quantity (kg/capita/yr)","2905","Cereals - Excluding Beer","2012","216.06","Fc","Calculated data"
"CC","Food Supply - Crops Primary Equivalent","234","Uruguay","645","Food supply quantity (kg/capita/yr)","2905","Cereals - Excluding Beer","2000","139.72","Fc","Calculated data"
"CC","Food Supply - Crops Primary Equivalent","235","Uzbekistan","645","Food supply quantity (kg/capita/yr)","2905","Cereals - Excluding Beer","2000","168.43","Fc","Calculated data"
"CC","Food Supply - Crops Primary Equivalent","236","Venezuela (Bolivarian Republic of)","645","Food supply quantity (kg/capita/yr)","2905","Cereals - Excluding Beer","2000","117.67","Fc","Calculated data"
"CC","Food Supply - Crops Primary Equivalent","237","Viet Nam","645","Food supply quantity (kg/capita/yr)","2905","Cereals - Excluding Beer","2000","164.16","Fc","Calculated data"
"CC","Food Supply - Crops Primary Equivalent","237","Viet Nam","645","Food supply quantity (kg/capita/yr)","2905","Cereals - Excluding Beer","2012","162.41","Fc","Calculated data"
"CC","Food Supply - Crops Primary Equivalent","238","Ethiopia","645","Food supply quantity (kg/capita/yr)","2905","Cereals - Excluding Beer","2000","135.46","Fc","Calculated data"
"CC","Food Supply - Crops Primary Equivalent","238","Ethiopia","645","Food supply quantity (kg/capita/yr)","2905","Cereals - Excluding Beer","2012","148.07","Fc","Calculated data"
"CC","Food Supply - Crops Primary Equivalent","244","Samoa","645","Food supply quantity (kg/capita/yr)","2905","Cereals - Excluding Beer","2000","74.29","Fc","Calculated data"
"CC","Food Supply - Crops Primary Equivalent","249","Yemen","645","Food supply quantity (kg/capita/yr)","2905","Cereals - Excluding Beer","2000","163.01","Fc","Calculated data"
"CC","Food Supply - Crops Primary Equivalent","249","Yemen","645","Food supply quantity (kg/capita/yr)","2905","Cereals - Excluding Beer","2012","163.16","Fc","Calculated data"
"CC","Food Supply - Crops Primary Equivalent","251","Zambia","645","Food supply quantity (kg/capita/yr)","2905","Cereals - Excluding Beer","2000","138.27","Fc","Calculated data"
"CC","Food Supply - Crops Primary Equivalent","251","Zambia","645","Food supply quantity (kg/capita/yr)","2905","Cereals - Excluding Beer","2012","133.04","Fc","Calculated data"
"CC","Food Supply - Crops Primary Equivalent","255","Belgium","645","Food supply quantity (kg/capita/yr)","2905","Cereals - Excluding Beer","2000","106.84","Fc","Calculated data"
"CC","Food Supply - Crops Primary Equivalent","256","Luxembourg","645","Food supply quantity (kg/capita/yr)","2905","Cereals - Excluding Beer","2000","105.50","Fc","Calculated data"
"CC","Food Supply - Crops Primary Equivalent","351","China","645","Food supply quantity (kg/capita/yr)","2905","Cereals - Excluding Beer","2000","160.75","Fc","Calculated data"
"CC","Food Supply - Crops Primary Equivalent","351","China","645","Food supply quantity (kg/capita/yr)","2905","Cereals - Excluding Beer","2012","149.89","Fc","Calculated data"
"CC","Food Supply - Crops Primary Equivalent","5000","World","645","Food supply quantity (kg/capita/yr)","2905","Cereals - Excluding Beer","2000","149.51","Fc","Calculated data"
"CC","Food Supply - Crops Primary Equivalent","5100","Africa","645","Food supply quantity (kg/capita/yr)","2905","Cereals - Excluding Beer","2000","146.94","Fc","Calculated data"
"CC","Food Supply - Crops Primary Equivalent","5101","Eastern Africa","645","Food supply quantity (kg/capita/yr)","2905","Cereals - Excluding Beer","2000","114.08","Fc","Calculated data"
"CC","Food Supply - Crops Primary Equivalent","5102","Middle Africa","645","Food supply quantity (kg/capita/yr)","2905","Cereals - Excluding Beer","2000","85.80","Fc","Calculated data"
"CC","Food Supply - Crops Primary Equivalent","5103","Northern Africa","645","Food supply quantity (kg/capita/yr)","2905","Cereals - Excluding Beer","2000","212.56","Fc","Calculated data"
"CC","Food Supply - Crops Primary Equivalent","5104","Southern Africa","645","Food supply quantity (kg/capita/yr)","2905","Cereals - Excluding Beer","2000","182.07","Fc","Calculated data"
"CC","Food Supply - Crops Primary Equivalent","5105","Western Africa","645","Food supply quantity (kg/capita/yr)","2905","Cereals - Excluding Beer","2000","136.39","Fc","Calculated data"
"CC","Food Supply - Crops Primary Equivalent","5200","Americas","645","Food supply quantity (kg/capita/yr)","2905","Cereals - Excluding Beer","2000","118.39","Fc","Calculated data"
"CC","Food Supply - Crops Primary Equivalent","5203","Northern America","645","Food supply quantity (kg/capita/yr)","2905","Cereals - Excluding Beer","2000","115.32","Fc","Calculated data"
"CC","Food Supply - Crops Primary Equivalent","5204","Central America","645","Food supply quantity (kg/capita/yr)","2905","Cereals - Excluding Beer","2000","156.77","Fc","Calculated data"
"CC","Food Supply - Crops Primary Equivalent","5206","Caribbean","645","Food supply quantity (kg/capita/yr)","2905","Cereals - Excluding Beer","2000","102.48","Fc","Calculated data"
"CC","Food Supply - Crops Primary Equivalent","5207","South America","645","Food supply quantity (kg/capita/yr)","2905","Cereals - Excluding Beer","2000","107.31","Fc","Calculated data"
"CC","Food Supply - Crops Primary Equivalent","5300","Asia","645","Food supply quantity (kg/capita/yr)","2905","Cereals - Excluding Beer","2000","161.27","Fc","Calculated data"
"CC","Food Supply - Crops Primary Equivalent","5301","Central Asia","645","Food supply quantity (kg/capita/yr)","2905","Cereals - Excluding Beer","2000","175.67","Fc","Calculated data"
"CC","Food Supply - Crops Primary Equivalent","5302","Eastern Asia","645","Food supply quantity (kg/capita/yr)","2905","Cereals - Excluding Beer","2000","156.35","Fc","Calculated data"
"CC","Food Supply - Crops Primary Equivalent","5303","Southern Asia","645","Food supply quantity (kg/capita/yr)","2905","Cereals - Excluding Beer","2000","163.82","Fc","Calculated data"
"CC","Food Supply - Crops Primary Equivalent","5304","South-Eastern Asia","645","Food supply quantity (kg/capita/yr)","2905","Cereals - Excluding Beer","2000","158.53","Fc","Calculated data"
"CC","Food Supply - Crops Primary Equivalent","5305","Western Asia","645","Food supply quantity (kg/capita/yr)","2905","Cereals - Excluding Beer","2000","188.14","Fc","Calculated data"
"CC","Food Supply - Crops Primary Equivalent","5400","Europe","645","Food supply quantity (kg/capita/yr)","2905","Cereals - Excluding Beer","2000","130.43","Fc","Calculated data"
"CC","Food Supply - Crops Primary Equivalent","5401","Eastern Europe","645","Food supply quantity (kg/capita/yr)","2905","Cereals - Excluding Beer","2000","151.10","Fc","Calculated data"
"CC","Food Supply - Crops Primary Equivalent","5402","Northern Europe","645","Food supply quantity (kg/capita/yr)","2905","Cereals - Excluding Beer","2000","111.48","Fc","Calculated data"
"CC","Food Supply - Crops Primary Equivalent","5403","Southern Europe","645","Food supply quantity (kg/capita/yr)","2905","Cereals - Excluding Beer","2000","134.36","Fc","Calculated data"
"CC","Food Supply - Crops Primary Equivalent","5404","Western Europe","645","Food supply quantity (kg/capita/yr)","2905","Cereals - Excluding Beer","2000","102.90","Fc","Calculated data"
"CC","Food Supply - Crops Primary Equivalent","5500","Oceania","645","Food supply quantity (kg/capita/yr)","2905","Cereals - Excluding Beer","2000","87.04","Fc","Calculated data"
"CC","Food Supply - Crops Primary Equivalent","5501","Australia & New Zealand","645","Food supply quantity (kg/capita/yr)","2905","Cereals - Excluding Beer","2000","84.61","Fc","Calculated data"
"CC","Food Supply - Crops Primary Equivalent","5502","Melanesia","645","Food supply quantity (kg/capita/yr)","2905","Cereals - Excluding Beer","2000","119.83","Fc","Calculated data"
"CC","Food Supply - Crops Primary Equivalent","5503","Micronesia","645","Food supply quantity (kg/capita/yr)","2905","Cereals - Excluding Beer","2000","108.43","Fc","Calculated data"
"CC","Food Supply - Crops Primary Equivalent","5504","Polynesia","645","Food supply quantity (kg/capita/yr)","2905","Cereals - Excluding Beer","2000","89.81","Fc","Calculated data"
"CC","Food Supply - Crops Primary Equivalent","5706","European Union","645","Food supply quantity (kg/capita/yr)","2905","Cereals - Excluding Beer","2000","121.74","Fc","Calculated data"
"CC","Food Supply - Crops Primary Equivalent","5801","Least Developed Countries","645","Food supply quantity (kg/capita/yr)","2905","Cereals - Excluding Beer","2000","144.18","Fc","Calculated data"
"CC","Food Supply - Crops Primary Equivalent","5802","Land Locked Developing Countries","645","Food supply quantity (kg/capita/yr)","2905","Cereals - Excluding Beer","2000","146.79","Fc","Calculated data"
"CC","Food Supply - Crops Primary Equivalent","5803","Small Island Developing States","645","Food supply quantity (kg/capita/yr)","2905","Cereals - Excluding Beer","2000","107.80","Fc","Calculated data"
"CC","Food Supply - Crops Primary Equivalent","5815","Low Income Food Deficit Countries","645","Food supply quantity (kg/capita/yr)","2905","Cereals - Excluding Beer","2000","151.68","Fc","Calculated data"
"CC","Food Supply - Crops Primary Equivalent","5817","Net Food Importing Developing Countries","645","Food supply quantity (kg/capita/yr)","2905","Cereals - Excluding Beer","2000","150.64","Fc","Calculated data"

FAOSTAT Date: Sat Oct 29 20:40:18 CEST 2016
